{"options":{},"indexes":[{"v":2,"key":{"_id":1},"name":"_id_","ns":"stocknet.boards"},{"v":2,"key":{"bbs_id":"hashed"},"name":"bbs_id_hashed","ns":"stocknet.boards","background":true},{"v":2,"key":{"story_id":"hashed"},"name":"story_id_hashed","ns":"stocknet.boards","background":true},{"v":2,"key":{"created_at":1},"name":"created_at_1","background":true,"ns":"stocknet.boards"},{"v":2,"key":{"updated_at":1},"name":"updated_at_1","background":true,"ns":"stocknet.boards"}],"uuid":"3b44b6f58f12481f9d7703e2f350d869"}