{"options":{},"indexes":[{"v":2,"key":{"_id":1},"name":"_id_","ns":"stocknet.users"},{"v":2,"unique":true,"key":{"userid":1},"name":"userid_1","ns":"stocknet.users","background":true},{"v":2,"key":{"name":"hashed"},"name":"name_hashed","ns":"stocknet.users","background":true},{"v":2,"key":{"machine_name":"hashed"},"name":"machine_name_hashed","ns":"stocknet.users","background":true},{"v":2,"key":{"phone":"hashed"},"name":"phone_hashed","background":true,"ns":"stocknet.users"},{"v":2,"key":{"email":"hashed"},"name":"email_hashed","background":true,"ns":"stocknet.users"},{"v":2,"key":{"created_at":1},"name":"created_at_1","ns":"stocknet.users","background":true},{"v":2,"key":{"updated_at":1},"name":"updated_at_1","ns":"stocknet.users","background":true},{"v":2,"key":{"bbs_id":"hashed"},"name":"bbs_id_hashed","background":true,"ns":"stocknet.users"},{"v":2,"key":{"last_visitday":1},"name":"last_visitday_1","ns":"stocknet.users","background":true},{"v":2,"key":{"phonenumber":"hashed"},"name":"phonenumber_hashed","ns":"stocknet.users","background":true},{"v":2,"key":{"cable_name":"hashed"},"name":"cable_name_hashed","ns":"stocknet.users","background":true}],"uuid":"791dd47ec9684112b72f8bfc65a5dfa8"}